Sample,Pressure (Raw),Pressure (EMA Filtered)
0,-0.058746,-0.058746
1,-0.063323,-0.0592037
2,-0.061035,-0.059386829999999995
3,-0.065612,-0.060009347
4,-0.058746,-0.059883012299999996
5,-0.063323,-0.060227011069999996
6,-0.058746,-0.060078909963
7,-0.063323,-0.0604033189667
8,-0.058746,-0.060237587070030005
9,-0.063323,-0.060546128363027
10,-0.058746,-0.0603661155267243
11,-0.065612,-0.06089070397405188
12,-0.061035,-0.06090513357664669
13,-0.065612,-0.061375820218982025
14,-0.065612,-0.06179943819708383
15,-0.061035,-0.06172299437737544
16,-0.065612,-0.0621118949396379
17,-0.061035,-0.06200420544567411
18,-0.065612,-0.0623649849011067
19,-0.061035,-0.06223198641099603
20,-0.063323,-0.06234108776989643
21,-0.058746,-0.06198157899290679
22,-0.065612,-0.06234462109361611
23,-0.058746,-0.0619847589842545
24,-0.063323,-0.06211858308582905
25,-0.061035,-0.062010224777246145
26,-0.065612,-0.06237040229952154
27,-0.061035,-0.06223686206956938
28,-0.063323,-0.062345475862612444
29,-0.058746,-0.061985528276351204
30,-0.065612,-0.06234817544871609
31,-0.058746,-0.06198795790384448
32,-0.058746,-0.06166376211346004
33,-0.065612,-0.062058585902114036
34,-0.061035,-0.06195622731190263
35,-0.065612,-0.062321804580712375
36,-0.061035,-0.062193124122641136
37,-0.063323,-0.062306111710377025
38,-0.061035,-0.06217900053933932
39,-0.065612,-0.06252230048540539
40,-0.061035,-0.062373570436864846
41,-0.063323,-0.06246851339317836
42,-0.061035,-0.062325162053860524
43,-0.063323,-0.062424945848474474
44,-0.061035,-0.06228595126362702
45,-0.065612,-0.06261855613726432
46,-0.058746,-0.06223130052353789
47,-0.065612,-0.0625693704711841
48,-0.061035,-0.06241593342406569
49,-0.065612,-0.06273554008165913
50,-0.061035,-0.06256548607349322
51,-0.058746,-0.0621835374661439
52,-0.063323,-0.062297483719529506
53,-0.058746,-0.06194233534757656
54,-0.063323,-0.0620804018128189
55,-0.058746,-0.06174696163153701
56,-0.063323,-0.06190456546838331
57,-0.058746,-0.061588708921544985
58,-0.063323,-0.061762138029390484
59,-0.056457,-0.06123162422645144
60,-0.065612,-0.0616696618038063
61,-0.058746,-0.06137729562342567
62,-0.063323,-0.06157186606108311
63,-0.061035,-0.06151817945497479
64,-0.065612,-0.06192756150947732
65,-0.058746,-0.06160940535852959
66,-0.061035,-0.06155196482267663
67,-0.058746,-0.061271368340408965
68,-0.063323,-0.061476531506368066
69,-0.063323,-0.06166117835573126
70,-0.056457,-0.06114076052015814
71,-0.065612,-0.06158788446814233
72,-0.058746,-0.061303696021328104
73,-0.065612,-0.061734526419195294
74,-0.058746,-0.06143567377727577
75,-0.065612,-0.0618533063995482
76,-0.058746,-0.061542575759593376
77,-0.065612,-0.06194951818363404
78,-0.056457,-0.06140026636527064
79,-0.061035,-0.06136373972874358
80,-0.058746,-0.06110196575586922
81,-0.061035,-0.0610952691802823
82,-0.058746,-0.06086034226225407
83,-0.063323,-0.061106608036028666
84,-0.056457,-0.060641647232425794
85,-0.063323,-0.06090978250918321
86,-0.058746,-0.060693404258264895
87,-0.058746,-0.060498663832438404
88,-0.063323,-0.06078109744919456
89,-0.058746,-0.060577587704275106
90,-0.063323,-0.060852128933847595
91,-0.058746,-0.060641516040462834
92,-0.063323,-0.06090966443641655
93,-0.061035,-0.060922197992774894
94,-0.063323,-0.061162278193497406
95,-0.058746,-0.060920650374147664
96,-0.065612,-0.0613897853367329
97,-0.058746,-0.06112540680305961
98,-0.058746,-0.060887466122753656
99,-0.063323,-0.06113101951047829
100,-0.058746,-0.06089251755943047
101,-0.063323,-0.06113556580348742
102,-0.058746,-0.06089660922313868
103,-0.063323,-0.06113924830082481
104,-0.058746,-0.06089992347074233
105,-0.058746,-0.060684531123668096
106,-0.063323,-0.060948378011301284
107,-0.056457,-0.060499240210171154
108,-0.065612,-0.06101051618915404
109,-0.058746,-0.06078406457023864
110,-0.063323,-0.061037958113214774
111,-0.058746,-0.0608087623018933
112,-0.063323,-0.061060186071703965
113,-0.056457,-0.060599867464533566
114,-0.058746,-0.06041448071808021
115,-0.058746,-0.06024763264627219
116,-0.063323,-0.06055516938164497
117,-0.058746,-0.06037425244348048
118,-0.063323,-0.06066912719913243
119,-0.056457,-0.06024791447921919
120,-0.063323,-0.060555423031297274
121,-0.058746,-0.06037448072816755
122,-0.063323,-0.060669332655350794
123,-0.056457,-0.06024809938981572
124,-0.058746,-0.06009788945083415
125,-0.063323,-0.06042040050575073
126,-0.058746,-0.06025296045517566
127,-0.063323,-0.06055996440965809
128,-0.058746,-0.06037856796869229
129,-0.063323,-0.06067301117182306
130,-0.058746,-0.06048031005464076
131,-0.063323,-0.06076457904917668
132,-0.058746,-0.060562721144259014
133,-0.063323,-0.06083874902983311
134,-0.058746,-0.060629474126849804
135,-0.061035,-0.06067002671416482
136,-0.058746,-0.06047762404274834
137,-0.065612,-0.06099106163847351
138,-0.061035,-0.060995455474626155
139,-0.061035,-0.06099940992716354
140,-0.056457,-0.06054516893444718
141,-0.063323,-0.060822952041002465
142,-0.063323,-0.06107295683690222
143,-0.056457,-0.060611361153212
144,-0.063323,-0.0608825250378908
145,-0.056457,-0.060439972534101716
146,-0.063323,-0.060728275280691545
147,-0.058746,-0.06053004775262239
148,-0.063323,-0.060809342977360153
149,-0.058746,-0.06060300867962414
150,-0.061035,-0.060646207811661725
151,-0.058746,-0.06045618703049555
152,-0.063323,-0.060742868327446
153,-0.058746,-0.0605431814947014
154,-0.063323,-0.06082116334523126
155,-0.058746,-0.060613647010708135
156,-0.061035,-0.06065578230963732
157,-0.058746,-0.06046480407867359
158,-0.063323,-0.060750623670806234
159,-0.058746,-0.06055016130372561
160,-0.058746,-0.06036974517335305
161,-0.063323,-0.06066507065601774
162,-0.058746,-0.06047316359041597
163,-0.063323,-0.06075814723137437
164,-0.058746,-0.06055693250823693
165,-0.063323,-0.06083353925741324
166,-0.058746,-0.06062478533167192
167,-0.063323,-0.060894606798504725
168,-0.056457,-0.060450846118654256
169,-0.063323,-0.06073806150678883
170,-0.058746,-0.06053885535610995
171,-0.063323,-0.060817269820498954
172,-0.058746,-0.06061014283844906
173,-0.063323,-0.060881428554604156
174,-0.056457,-0.060438985699143744
175,-0.063323,-0.06072738712922937
176,-0.058746,-0.060529248416306435
177,-0.063323,-0.06080862357467579
178,-0.063323,-0.061060061217208216
179,-0.056457,-0.0605997550954874
180,-0.063323,-0.06087207958593866
181,-0.054168,-0.06020167162734479
182,-0.063323,-0.06051380446461031
183,-0.054168,-0.05987922401814928
184,-0.067901,-0.060681401616334354
185,-0.063323,-0.06094556145470092
186,-0.063323,-0.06118330530923083
187,-0.067901,-0.06185507477830775
188,-0.063323,-0.06200186730047697
189,-0.07019,-0.06282068057042928
190,-0.063323,-0.06287091251338635
191,-0.067901,-0.06337392126204772
192,-0.063323,-0.06336882913584295
193,-0.067901,-0.06382204622225865
194,-0.063323,-0.06377214160003279
195,-0.067901,-0.06418502744002952
196,-0.061035,-0.06387002469602657
197,-0.065612,-0.0640442222264239
198,-0.067901,-0.06442990000378152
199,-0.065612,-0.06454811000340337
200,-0.067901,-0.06488339900306303
201,-0.061035,-0.06449855910275673
202,-0.07019,-0.06506770319248106
203,-0.063323,-0.06489323287323297
204,-0.063323,-0.06473620958590967
205,-0.067901,-0.06505268862731871
206,-0.065612,-0.06510861976458684
207,-0.067901,-0.06538785778812817
208,-0.061035,-0.06495257200931535
209,-0.067901,-0.06524741480838382
210,-0.065612,-0.06528387332754544
211,-0.065612,-0.0653166859947909
212,-0.065612,-0.06534621739531181
213,-0.07019,-0.06583059565578063
214,-0.065612,-0.06580873609020257
215,-0.07019,-0.06624686248118232
216,-0.065612,-0.06618337623306408
217,-0.067901,-0.06635513860975767
218,-0.063323,-0.06605192474878191
219,-0.07019,-0.06646573227390372
220,-0.065612,-0.06638035904651335
221,-0.067901,-0.06653242314186202
222,-0.067901,-0.06666928082767581
223,-0.065612,-0.06656355274490823
224,-0.067901,-0.06669729747041742
225,-0.063323,-0.06635986772337568
226,-0.07019,-0.06674288095103811
227,-0.063323,-0.06640089285593431
228,-0.067901,-0.06655090357034088
229,-0.063323,-0.0662281132133068
230,-0.07019,-0.06662430189197611
231,-0.065612,-0.0665230717027785
232,-0.07019,-0.06688976453250066
233,-0.061035,-0.0663042880792506
234,-0.067901,-0.06646395927132553
235,-0.065612,-0.06637876334419299
236,-0.07019,-0.06675988700977369
237,-0.063323,-0.06641619830879632
238,-0.067901,-0.0665646784779167
239,-0.063323,-0.06624051063012502
240,-0.065612,-0.06617765956711252
241,-0.067901,-0.06634999361040128
242,-0.065612,-0.06627619424936115
243,-0.065612,-0.06620977482442504
244,-0.065612,-0.06614999734198254
245,-0.067901,-0.0663250976077843
246,-0.063323,-0.06602488784700587
247,-0.07019,-0.06644139906230528
248,-0.065612,-0.06635845915607476
249,-0.067901,-0.06651271324046729
250,-0.063323,-0.06619374191642056
251,-0.07019,-0.06659336772477852
252,-0.065612,-0.06649523095230067
253,-0.07019,-0.0668647078570706
254,-0.065612,-0.06673943707136354
255,-0.067901,-0.0668555933642272
256,-0.065612,-0.06673123402780448
257,-0.067901,-0.06684821062502404
258,-0.07019,-0.06718238956252164
259,-0.065612,-0.06702535060626948
260,-0.065612,-0.06688401554564254
261,-0.065612,-0.06675681399107829
262,-0.067901,-0.06687123259197046
263,-0.061035,-0.06628760933277342
264,-0.07019,-0.06667784839949607
265,-0.065612,-0.06657126355954647
266,-0.07019,-0.06693313720359183
267,-0.063323,-0.06657212348323265
268,-0.07019,-0.06693391113490939
269,-0.063323,-0.06657282002141846
270,-0.067901,-0.06670563801927662
271,-0.063323,-0.06636737421734897
272,-0.067901,-0.06652073679561407
273,-0.065612,-0.06642986311605266
274,-0.07019,-0.0668058768044474
275,-0.065612,-0.06668648912400266
276,-0.065612,-0.0665790402116024
277,-0.063323,-0.06625343619044216
278,-0.07019,-0.06664709257139795
279,-0.065612,-0.06654358331425815
280,-0.067901,-0.06667932498283233
281,-0.065612,-0.0665725924845491
282,-0.067901,-0.06670543323609418
283,-0.065612,-0.06659608991248477
284,-0.067901,-0.06672658092123629
285,-0.063323,-0.06638622282911266
286,-0.07019,-0.0667666005462014
287,-0.061035,-0.06619344049158127
288,-0.07019,-0.06659309644242314
289,-0.065612,-0.06649498679818083
290,-0.067901,-0.06663558811836276
291,-0.063323,-0.0663043293065265
292,-0.07019,-0.06669289637587385
293,-0.063323,-0.06635590673828647
294,-0.061035,-0.06582381606445782
295,-0.07019,-0.06626043445801204
296,-0.063323,-0.06596669101221084
297,-0.07019,-0.06638902191098976
298,-0.065612,-0.0663113197198908
299,-0.07019,-0.06669918774790172
300,-0.063323,-0.06636156897311155
301,-0.067901,-0.06651551207580039
302,-0.065612,-0.06642516086822035
303,-0.067901,-0.06657274478139832
304,-0.065612,-0.06647667030325849
305,-0.07019,-0.06684800327293264
306,-0.065612,-0.06672440294563937
307,-0.07019,-0.06707096265107544
308,-0.065612,-0.0669250663859679
309,-0.067901,-0.06702265974737112
310,-0.063323,-0.06665269377263401
311,-0.065612,-0.06654862439537061
312,-0.07019,-0.06691276195583355
313,-0.063323,-0.0665537857602502
314,-0.065612,-0.06645960718422518
315,-0.063323,-0.06614594646580267
316,-0.07019,-0.0665503518192224
317,-0.065612,-0.06645651663730016
318,-0.07019,-0.06682986497357014
319,-0.065612,-0.06670807847621313
320,-0.067901,-0.06682737062859181
321,-0.065612,-0.06670583356573263
322,-0.07019,-0.06705425020915937
323,-0.065612,-0.06691002518824343
324,-0.067901,-0.0670091226694191
325,-0.063323,-0.06664051040247719
326,-0.07019,-0.06699545936222948
327,-0.063323,-0.06662821342600653
328,-0.07019,-0.06698439208340588
329,-0.063323,-0.0666182528750653
330,-0.061035,-0.06605992758755877
331,-0.07019,-0.0664729348288029
332,-0.065612,-0.06638684134592261
333,-0.067901,-0.06653825721133036
334,-0.065612,-0.06644563149019732
335,-0.07019,-0.06682006834117758
336,-0.065612,-0.06669926150705982
337,-0.067901,-0.06681943535635385
338,-0.063323,-0.06646979182071847
339,-0.07019,-0.06684181263864662
340,-0.065612,-0.06671883137478196
341,-0.07019,-0.06706594823730377
342,-0.063323,-0.0666916534135734
343,-0.067901,-0.06681258807221607
344,-0.07019,-0.06715032926499447
345,-0.063323,-0.06676759633849502
346,-0.067901,-0.06688093670464552
347,-0.061035,-0.06629634303418097
348,-0.061035,-0.06577020873076288
349,-0.07019,-0.0662121878576866
350,-0.063323,-0.06592326907191794
351,-0.067901,-0.06612104216472614
352,-0.067901,-0.06629903794825354
353,-0.071716,-0.06684073415342819
354,-0.065612,-0.06671786073808537
355,-0.067901,-0.06683617466427684
356,-0.074005,-0.06755305719784915
357,-0.067901,-0.06758785147806423
358,-0.071716,-0.06800066633025781
359,-0.067901,-0.06799069969723204
360,-0.07019,-0.06821062972750884
361,-0.067901,-0.06817966675475795
362,-0.074005,-0.06876220007928216
363,-0.067901,-0.06867608007135395
364,-0.074005,-0.06920897206421855
365,-0.065612,-0.0688492748577967
366,-0.071716,-0.06913594737201703
367,-0.07019,-0.06924135263481533
368,-0.071716,-0.0694888173713338
369,-0.07019,-0.06955893563420043
370,-0.071716,-0.0697746420707804
371,-0.067901,-0.06958727786370236
372,-0.071716,-0.06980015007733213
373,-0.071716,-0.06999173506959892
374,-0.067901,-0.06978266156263904
375,-0.071716,-0.06997599540637514
376,-0.07019,-0.06999739586573762
377,-0.071716,-0.07016925627916386
378,-0.067901,-0.06994243065124747
379,-0.074005,-0.07034868758612273
380,-0.067901,-0.07010391882751046
381,-0.074005,-0.07049402694475942
382,-0.067901,-0.07023472425028349
383,-0.071716,-0.07038285182525514
384,-0.067901,-0.07013466664272963
385,-0.071716,-0.07029279997845667
386,-0.067901,-0.07005361998061099
387,-0.071716,-0.0702198579825499
388,-0.067901,-0.06998797218429492
389,-0.071716,-0.07016077496586544
390,-0.067901,-0.06993479746927889
391,-0.067901,-0.069731417722351
392,-0.07019,-0.0697772759501159
393,-0.065612,-0.06936074835510432
394,-0.07019,-0.0694436735195939
395,-0.067901,-0.06928940616763452
396,-0.071716,-0.06953206555087107
397,-0.065612,-0.06914005899578397
398,-0.074005,-0.06962655309620558
399,-0.07019,-0.06968289778658503
400,-0.07019,-0.06973360800792652
401,-0.07019,-0.06977924720713387
402,-0.071716,-0.06997292248642048
403,-0.065612,-0.06953683023777844
404,-0.071716,-0.0697547472140006
405,-0.067901,-0.06956937249260053
406,-0.074005,-0.07001293524334049
407,-0.067901,-0.06980174171900644
408,-0.074005,-0.0702220675471058
409,-0.074005,-0.07060036079239523
410,-0.067901,-0.0703304247131557
411,-0.074005,-0.07069788224184013
412,-0.065612,-0.07018929401765613
413,-0.074005,-0.07057086461589052
414,-0.07019,-0.07053277815430146
415,-0.07019,-0.07049850033887131
416,-0.065612,-0.07000985030498419
417,-0.074005,-0.07040936527448578
418,-0.065612,-0.0699296287470372
419,-0.074005,-0.07033716587233349
420,-0.067901,-0.07009354928510014
421,-0.071716,-0.07025579435659013
422,-0.065612,-0.06979141492093112
423,-0.074005,-0.07021277342883801
424,-0.067901,-0.06998159608595422
425,-0.07019,-0.0700024364773588
426,-0.067901,-0.06979229282962293
427,-0.065612,-0.06937426354666064
428,-0.071716,-0.06960843719199458
429,-0.067901,-0.06943769347279513
430,-0.074005,-0.06989442412551562
431,-0.065612,-0.06946618171296406
432,-0.074005,-0.06992006354166766
433,-0.07019,-0.0699470571875009
434,-0.074005,-0.07035285146875081
435,-0.067901,-0.07010766632187573
436,-0.071716,-0.07026849968968817
437,-0.07019,-0.07026064972071935
438,-0.074005,-0.07063508474864742
439,-0.07019,-0.07059057627378268
440,-0.071716,-0.07070311864640441
441,-0.067901,-0.07042290678176397
442,-0.071716,-0.07055221610358757
443,-0.067901,-0.07028709449322881
444,-0.071716,-0.07042998504390593
445,-0.074005,-0.07078748653951535
446,-0.07019,-0.07072773788556382
447,-0.07019,-0.07067396409700744
448,-0.067901,-0.07039666768730671
449,-0.071716,-0.07052860091857605
450,-0.07019,-0.07049474082671844
451,-0.07019,-0.0704642667440466
452,-0.067901,-0.07020794006964196
453,-0.071716,-0.07035874606267777
454,-0.065612,-0.06988407145641
455,-0.071716,-0.070067264310769
456,-0.067901,-0.06985063787969209
457,-0.071716,-0.07003717409172289
458,-0.065612,-0.0695946566825506
459,-0.07019,-0.06965419101429554
460,-0.07019,-0.06970777191286599
461,-0.074005,-0.0701374947215794
462,-0.07019,-0.07014274524942146
463,-0.07019,-0.07014747072447931
464,-0.071716,-0.07030432365203139
465,-0.065612,-0.06983509128682826
466,-0.074005,-0.07025208215814543
467,-0.07019,-0.0702458739423309
468,-0.074005,-0.07062178654809781
469,-0.07019,-0.07057860789328803
470,-0.071716,-0.07069234710395923
471,-0.067901,-0.07041321239356332
472,-0.071716,-0.070543491154207
473,-0.067901,-0.0702792420387863
474,-0.074005,-0.07065181783490768
475,-0.065612,-0.07014783605141692
476,-0.071716,-0.07030465244627523
477,-0.071716,-0.07044578720164771
478,-0.078582,-0.07125940848148293
479,-0.074005,-0.07153396763333465
480,-0.074005,-0.0717810708700012
481,-0.076293,-0.07223226378300109
482,-0.071716,-0.07218063740470097
483,-0.074005,-0.07236307366423088
484,-0.071716,-0.0722983662978078
485,-0.076293,-0.07269782966802703
486,-0.071716,-0.07259964670122433
487,-0.076293,-0.0729689820311019
488,-0.071716,-0.07284368382799171
489,-0.076293,-0.07318861544519255
490,-0.07019,-0.07288875390067329
491,-0.074005,-0.07300037851060596
492,-0.071716,-0.07287194065954537
493,-0.076293,-0.07321404659359085
494,-0.07019,-0.07291164193423176
495,-0.074005,-0.0730209777408086
496,-0.07019,-0.07273787996672773
497,-0.076293,-0.07309339197005496
498,-0.071716,-0.07295565277304947
499,-0.071716,-0.07283168749574452
500,-0.074005,-0.07294901874617007
501,-0.07019,-0.07267311687155306
502,-0.076293,-0.07303510518439776
503,-0.071716,-0.07290319466595799
504,-0.078582,-0.07347107519936219
505,-0.071716,-0.07329556767942598
506,-0.076293,-0.07359531091148339
507,-0.07019,-0.07325477982033504
508,-0.076293,-0.07355860183830154
509,-0.071716,-0.07337434165447139
510,-0.076293,-0.07366620748902426
511,-0.071716,-0.07347118674012183
512,-0.074005,-0.07352456806610966
513,-0.07019,-0.07319111125949869
514,-0.074005,-0.07327250013354883
515,-0.07019,-0.07296425012019395
516,-0.076293,-0.07329712510817456
517,-0.076293,-0.0735967125973571
518,-0.071716,-0.0734086413376214
519,-0.078582,-0.07392597720385925
520,-0.071716,-0.07370497948347333
521,-0.076293,-0.073963781535126
522,-0.07019,-0.0735864033816134
523,-0.076293,-0.07385706304345208
524,-0.07019,-0.07349035673910687
525,-0.076293,-0.07377062106519619
526,-0.071716,-0.07356515895867657
527,-0.076293,-0.07383794306280893
528,-0.07019,-0.07347314875652804
529,-0.076293,-0.07375513388087523
530,-0.071716,-0.07355122049278771
531,-0.076293,-0.07382539844350895
532,-0.071716,-0.07361445859915806
533,-0.078582,-0.07411121273924226
534,-0.07019,-0.07371909146531803
535,-0.071716,-0.07351878231878624
536,-0.074005,-0.07356740408690762
537,-0.07019,-0.07322966367821686
538,-0.076293,-0.07353599731039517
539,-0.07019,-0.07320139757935566
540,-0.076293,-0.0735105578214201
541,-0.071716,-0.07333110203927809
542,-0.074005,-0.07339849183535029
543,-0.071716,-0.07323024265181526
544,-0.074005,-0.07330771838663373
545,-0.07019,-0.07299594654797036
546,-0.078582,-0.07355455189317332
547,-0.071716,-0.07337069670385599
548,-0.076293,-0.0736629270334704
549,-0.071716,-0.07346823433012335
550,-0.076293,-0.07375071089711102
551,-0.071716,-0.07354723980739993
552,-0.076293,-0.07382181582665993
553,-0.076293,-0.07406893424399395
554,-0.071716,-0.07383364081959456
555,-0.076293,-0.07407957673763511
556,-0.071716,-0.0738432190638716
557,-0.076293,-0.07408819715748445
558,-0.071716,-0.07385097744173601
559,-0.076293,-0.07409517969756241
560,-0.07019,-0.07370466172780617
561,-0.076293,-0.07396349555502556
562,-0.071716,-0.073738745999523
563,-0.074005,-0.0737653713995707
564,-0.07019,-0.07340783425961364
565,-0.076293,-0.07369635083365228
566,-0.071716,-0.07349831575028705
567,-0.076293,-0.07377778417525835
568,-0.07019,-0.07341900575773251
569,-0.074005,-0.07347760518195927
570,-0.080871,-0.07421694466376334
571,-0.076293,-0.07442455019738702
572,-0.080871,-0.07506919517764832
573,-0.071716,-0.07473387565988349
574,-0.080871,-0.07534758809389513
575,-0.074005,-0.07521332928450562
576,-0.080871,-0.07577909635605506
577,-0.078582,-0.07605938672044955
578,-0.076293,-0.0760827480484046
579,-0.080871,-0.07656157324356415
580,-0.071716,-0.07607701591920774
581,-0.080871,-0.07655641432728696
582,-0.071716,-0.07607237289455827
583,-0.080871,-0.07655223560510245
584,-0.076293,-0.07652631204459222
585,-0.078582,-0.076731880840133
586,-0.074005,-0.0764591927561197
587,-0.080871,-0.07690037348050774
588,-0.071716,-0.07638193613245697
589,-0.078582,-0.07660194251921128
590,-0.074005,-0.07634224826729015
591,-0.078582,-0.07656622344056113
592,-0.074005,-0.07631010109650503
593,-0.078582,-0.07653729098685452
594,-0.076293,-0.07651286188816908
595,-0.074005,-0.07626207569935219
596,-0.078582,-0.07649406812941696
597,-0.076293,-0.07647396131647527
598,-0.076293,-0.07645586518482775
599,-0.076293,-0.07643957866634499
600,-0.078582,-0.07665382079971049
601,-0.071716,-0.07616003871973945
602,-0.078582,-0.0764022348477655
603,-0.074005,-0.07616251136298895
604,-0.078582,-0.07640446022669005
605,-0.074005,-0.07616451420402105
606,-0.080871,-0.07663516278361895
607,-0.071716,-0.07614324650525706
608,-0.078582,-0.07638712185473134
609,-0.076293,-0.07637770966925822
610,-0.078582,-0.0765981387023324
611,-0.074005,-0.07633882483209917
612,-0.078582,-0.07656314234888925
613,-0.080871,-0.07699392811400033
614,-0.076293,-0.0769238353026003
615,-0.080871,-0.07731855177234027
616,-0.074005,-0.07698719659510625
617,-0.080871,-0.07737557693559563
618,-0.071716,-0.07680961924203607
619,-0.080871,-0.07721575731783246
620,-0.074005,-0.07689468158604923
621,-0.078582,-0.0770634134274443
622,-0.074005,-0.07675757208469988
623,-0.078582,-0.0769400148762299
624,-0.074005,-0.07664651338860691
625,-0.080871,-0.07706896204974623
626,-0.074005,-0.0767625658447716
627,-0.078582,-0.07694450926029445
628,-0.074005,-0.07665055833426501
629,-0.078582,-0.07684370250083851
630,-0.076293,-0.07678863225075466
631,-0.074005,-0.0765102690256792
632,-0.078582,-0.07671744212311128
633,-0.071716,-0.07621729791080016
634,-0.076293,-0.07622486811972015
635,-0.074005,-0.07600288130774814
636,-0.080871,-0.07648969317697332
637,-0.074005,-0.076241223859276
638,-0.078582,-0.0764753014733484
639,-0.074005,-0.07622827132601356
640,-0.078582,-0.0764636441934122
641,-0.076293,-0.07644657977407099
642,-0.080871,-0.07688902179666389
643,-0.074005,-0.0766006196169975
644,-0.078582,-0.07679875765529776
645,-0.074005,-0.07651938188976799
646,-0.076293,-0.0764967437007912
647,-0.074005,-0.07624756933071208
648,-0.078582,-0.07648101239764088
649,-0.080871,-0.07692001115787679
650,-0.074005,-0.07662851004208912
651,-0.076293,-0.07659495903788022
652,-0.074005,-0.0763359631340922
653,-0.076293,-0.07633166682068299
654,-0.074005,-0.07609900013861469
655,-0.076293,-0.07611840012475322
656,-0.074005,-0.07590706011227791
657,-0.078582,-0.07617455410105012
658,-0.071716,-0.0757286986909451
659,-0.076293,-0.0757851288218506
660,-0.074005,-0.07560711593966554
661,-0.078582,-0.07590460434569898
662,-0.076293,-0.07594344391112909
663,-0.078582,-0.07620729952001618
664,-0.074005,-0.07598706956801457
665,-0.076293,-0.07601766261121312
666,-0.078582,-0.0762740963500918
667,-0.080871,-0.07673378671508263
668,-0.074005,-0.07646090804357437
669,-0.076293,-0.07644411723921694
670,-0.074005,-0.07620020551529526
671,-0.078582,-0.07643838496376573
672,-0.074005,-0.07619504646738917
673,-0.078582,-0.07643374182065026
674,-0.074005,-0.07619086763858524
675,-0.080871,-0.07665888087472672
676,-0.071716,-0.07616459278725406
677,-0.076293,-0.07617743350852865
678,-0.074005,-0.0759601901576758
679,-0.076293,-0.07599347114190823
680,-0.078582,-0.07625232402771741
681,-0.080871,-0.07671419162494567
682,-0.078582,-0.0769009724624511
683,-0.080871,-0.07729797521620599
684,-0.080871,-0.0776552776945854
685,-0.08316,-0.07820574992512687
686,-0.080871,-0.07847227493261419
687,-0.080871,-0.07871214743935277
688,-0.078582,-0.07869913269541749
689,-0.08316,-0.07914521942587575
690,-0.076293,-0.07885999748328819
691,-0.085449,-0.07951889773495936
692,-0.08316,-0.07988300796146343
693,-0.080871,-0.07998180716531708
694,-0.080871,-0.08007072644878538
695,-0.078582,-0.07992185380390684
696,-0.08316,-0.08024566842351617
697,-0.080871,-0.08030820158116456
698,-0.08316,-0.0805933814230481
699,-0.078582,-0.08039224328074329
700,-0.08316,-0.08066901895266897
701,-0.078582,-0.08046031705740207
702,-0.08316,-0.08073028535166187
703,-0.078582,-0.08051545681649568
704,-0.08316,-0.08077991113484612
705,-0.078582,-0.08056012002136151
706,-0.085449,-0.08104900801922535
707,-0.078582,-0.08080230721730282
708,-0.085449,-0.08126697649557253
709,-0.078582,-0.08099847884601527
710,-0.080871,-0.08098573096141375
711,-0.08316,-0.08120315786527238
712,-0.078582,-0.08094104207874514
713,-0.08316,-0.08116293787087063
714,-0.078582,-0.08090484408378357
715,-0.085449,-0.08135925967540521
716,-0.078582,-0.08108153370786468
717,-0.080871,-0.08106048033707822
718,-0.076293,-0.0805837323033704
719,-0.078582,-0.08038355907303336
720,-0.08316,-0.08066120316573003
721,-0.076293,-0.08022438284915703
722,-0.08316,-0.08051794456424134
723,-0.078582,-0.0803243501078172
724,-0.08316,-0.08060791509703549
725,-0.078582,-0.08040532358733195
726,-0.085449,-0.08090969122859874
727,-0.076293,-0.08044802210573887
728,-0.08316,-0.08071921989516499
729,-0.08316,-0.0809632979056485
730,-0.076293,-0.08049626811508366
731,-0.08316,-0.0807626413035753
732,-0.078582,-0.08054457717321777
733,-0.08316,-0.080806119455896
734,-0.078582,-0.0805837075103064
735,-0.08316,-0.08084133675927577
736,-0.076293,-0.0803865030833482
737,-0.08316,-0.08066385277501338
738,-0.078582,-0.08045566749751204
739,-0.085449,-0.08095500074776084
740,-0.078582,-0.08071770067298475
741,-0.085449,-0.08119083060568627
742,-0.076293,-0.08070104754511766
743,-0.080871,-0.08071804279060589
744,-0.076293,-0.08027553851154531
745,-0.080871,-0.08033508466039078
746,-0.078582,-0.0801597761943517
747,-0.076293,-0.07977309857491655
748,-0.08316,-0.0801117887174249
749,-0.078582,-0.0799588098456824
750,-0.08316,-0.08027892886111417
751,-0.078582,-0.08010923597500275
752,-0.08316,-0.08041431237750248
753,-0.078582,-0.08023108113975222
754,-0.08316,-0.080523973025777
755,-0.080871,-0.0805586757231993
756,-0.08316,-0.08081880815087938
757,-0.078582,-0.08059512733579144
758,-0.08316,-0.0808516146022123
759,-0.078582,-0.08062465314199106
760,-0.08316,-0.08087818782779196
761,-0.078582,-0.08064856904501276
762,-0.085449,-0.08112861214051148
763,-0.078582,-0.08087395092646033
764,-0.08316,-0.0811025558338143
765,-0.08316,-0.08130830025043288
766,-0.078582,-0.08103567022538959
767,-0.08316,-0.08124810320285063
768,-0.078582,-0.08098149288256556
769,-0.08316,-0.08119934359430901
770,-0.078582,-0.08093760923487811
771,-0.08316,-0.08115984831139031
772,-0.078582,-0.08090206348025128
773,-0.08316,-0.08112785713222616
774,-0.080871,-0.08110217141900354
775,-0.08316,-0.08130795427710319
776,-0.078582,-0.08103535884939286
777,-0.080871,-0.08101892296445358
778,-0.076293,-0.08054633066800823
779,-0.08316,-0.08080769760120741
780,-0.078582,-0.08058512784108667
781,-0.08316,-0.080842615056978
782,-0.078582,-0.0806165535512802
783,-0.076293,-0.08018419819615219
784,-0.08316,-0.08048177837653697
785,-0.078582,-0.08029180053888327
786,-0.08316,-0.08057862048499495
787,-0.090026,-0.08152335843649545
788,-0.08316,-0.08168702259284591
789,-0.090026,-0.08252092033356132
790,-0.085449,-0.08281372830020518
791,-0.087738,-0.08330615547018466
792,-0.090026,-0.0839781399231662
793,-0.085449,-0.08412522593084958
794,-0.090026,-0.08471530333776461
795,-0.085449,-0.08478867300398815
796,-0.087738,-0.08508360570358933
797,-0.08316,-0.0848912451332304
798,-0.090026,-0.08540472061990736
799,-0.085449,-0.08540914855791662
800,-0.090026,-0.08587083370212496
801,-0.08316,-0.08559975033191247
802,-0.087738,-0.08581357529872123
803,-0.085449,-0.08577711776884911
804,-0.090026,-0.0862020059919642
805,-0.085449,-0.08612670539276777
806,-0.090026,-0.086516634853491
807,-0.085449,-0.08640987136814189
808,-0.090026,-0.0867714842313277
809,-0.085449,-0.08663923580819492
810,-0.085449,-0.08652021222737542
811,-0.090026,-0.08687079100463788
812,-0.085449,-0.08672861190417408
813,-0.090026,-0.08705835071375667
814,-0.08316,-0.08666851564238101
815,-0.087738,-0.0867754640781429
816,-0.085449,-0.08664281767032861
817,-0.090026,-0.08698113590329574
818,-0.08316,-0.08659902231296618
819,-0.085449,-0.08648402008166955
820,-0.08316,-0.0861516180735026
821,-0.090026,-0.08653905626615235
822,-0.08316,-0.08620115063953712
823,-0.090026,-0.0865836355755834
824,-0.080871,-0.08601237201802507
825,-0.087738,-0.08618493481622257
826,-0.085449,-0.0861113413346003
827,-0.087738,-0.08627400720114027
828,-0.090026,-0.08664920648102624
829,-0.090026,-0.08698688583292362
830,-0.085449,-0.08683309724963126
831,-0.087738,-0.08692358752466814
832,-0.08316,-0.08654722877220133
833,-0.087738,-0.0866663058949812
834,-0.08316,-0.08631567530548309
835,-0.087738,-0.08645790777493478
836,-0.08316,-0.08612811699744131
837,-0.090026,-0.08651790529769718
838,-0.08316,-0.08618211476792746
839,-0.090026,-0.08656650329113472
840,-0.08316,-0.08622585296202125
841,-0.087738,-0.08637706766581912
842,-0.08316,-0.08605536089923722
843,-0.087738,-0.0862236248093135
844,-0.085449,-0.08614616232838215
845,-0.087738,-0.08630534609554394
846,-0.087738,-0.08644861148598955
847,-0.085449,-0.08634865033739059
848,-0.085449,-0.08625868530365152
849,-0.08316,-0.08594881677328638
850,-0.087738,-0.08612773509595774
851,-0.085449,-0.08605986158636196
852,-0.087738,-0.08622767542772576
853,-0.08316,-0.08592090788495318
854,-0.087738,-0.08610261709645786
855,-0.08316,-0.08580835538681209
856,-0.087738,-0.08600131984813088
857,-0.085449,-0.08594608786331778
858,-0.087738,-0.086125279076986
859,-0.085449,-0.0860576511692874
860,-0.090026,-0.08645448605235867
861,-0.08316,-0.08612503744712281
862,-0.090026,-0.08651513370241053
863,-0.080871,-0.08595072033216948
864,-0.08316,-0.08567164829895253
865,-0.090026,-0.08610708346905728
866,-0.08316,-0.08581237512215156
867,-0.087738,-0.08600493760993641
868,-0.08316,-0.08572044384894277
869,-0.090026,-0.0861509994640485
870,-0.085449,-0.08608079951764365
871,-0.090026,-0.08647531956587928
872,-0.08316,-0.08614378760929137
873,-0.090026,-0.08653200884836224
874,-0.08316,-0.08619480796352602
875,-0.087738,-0.08634912716717343
876,-0.080871,-0.08580131445045608
877,-0.087738,-0.08599498300541047
878,-0.08316,-0.08571148470486943
879,-0.090026,-0.08614293623438249
880,-0.08316,-0.08584464261094425
881,-0.090026,-0.08626277834984983
882,-0.090026,-0.08663910051486484
883,-0.085449,-0.08652009046337836
884,-0.087738,-0.08664188141704052
885,-0.08316,-0.08629369327533647
886,-0.090026,-0.08666692394780282
887,-0.08316,-0.08631623155302254
888,-0.090026,-0.08668720839772029
889,-0.085449,-0.08656338755794826
890,-0.090026,-0.08690964880215343
891,-0.087738,-0.08699248392193809
892,-0.085449,-0.08683813552974427
893,-0.087738,-0.08692812197676984
894,-0.08316,-0.08655130977909287
895,-0.085449,-0.08644107880118358
896,-0.08316,-0.08611297092106523
897,-0.090026,-0.08650427382895871
898,-0.080871,-0.08594094644606284
899,-0.090026,-0.08634945180145656
900,-0.087738,-0.0864883066213109
901,-0.08316,-0.08615547595917983
902,-0.087738,-0.08631372836326184
903,-0.08316,-0.08599835552693566
904,-0.085449,-0.0859434199742421
905,-0.080871,-0.08543617797681789
906,-0.087738,-0.0856663601791361
907,-0.08316,-0.0854157241612225
908,-0.087738,-0.08564795174510026
909,-0.08316,-0.08539915657059025
910,-0.087738,-0.08563304091353122
911,-0.08316,-0.08538573682217811
912,-0.085449,-0.0853920631399603
913,-0.08316,-0.08516885682596427
914,-0.090026,-0.08565457114336784
915,-0.085449,-0.08563401402903105
916,-0.090026,-0.08607321262612795
917,-0.08316,-0.08578189136351516
918,-0.085449,-0.08574860222716364
919,-0.087738,-0.08594754200444728
920,-0.08316,-0.08566878780400256
921,-0.087738,-0.0858757090236023
922,-0.08316,-0.08560413812124207
923,-0.087738,-0.08581752430911786
924,-0.08316,-0.08555177187820608
925,-0.087738,-0.08577039469038547
926,-0.085449,-0.08573825522134693
927,-0.087738,-0.08593822969921223
928,-0.08316,-0.08566040672929101
929,-0.085449,-0.0856392660563619
930,-0.08316,-0.08539133945072572
931,-0.087738,-0.08562600550565315
932,-0.08316,-0.08537940495508783
933,-0.087738,-0.08561526445957905
934,-0.085449,-0.08559863801362114
935,-0.090026,-0.08604137421225902
936,-0.090026,-0.08643983679103312
937,-0.08316,-0.08611185311192981
938,-0.090026,-0.08650326780073683
939,-0.085449,-0.08639784102066314
940,-0.087738,-0.08653185691859683
941,-0.08316,-0.08619467122673716
942,-0.090026,-0.08657780410406345
943,-0.08316,-0.08623602369365711
944,-0.090026,-0.0866150213242914
945,-0.080871,-0.08604061919186226
946,-0.090026,-0.08643915727267604
947,-0.08316,-0.08611124154540845
948,-0.087738,-0.08627391739086761
949,-0.08316,-0.08596252565178085
950,-0.090026,-0.08636887308660277
951,-0.094604,-0.0871923857779425
952,-0.087738,-0.08724694720014825
953,-0.094604,-0.08798265248013343
954,-0.090026,-0.08818698723212008
955,-0.092315,-0.08859978850890808
956,-0.090026,-0.08874240965801727
957,-0.094604,-0.08932856869221556
958,-0.094604,-0.089856111822994
959,-0.087738,-0.08964430064069459
960,-0.094604,-0.09014027057662513
961,-0.090026,-0.09012884351896262
962,-0.094604,-0.09057635916706636
963,-0.087738,-0.09029252325035972
964,-0.094604,-0.09072367092532374
965,-0.092315,-0.09088280383279138
966,-0.096893,-0.09148382344951224
967,-0.090026,-0.09133804110456102
968,-0.092315,-0.09143573699410493
969,-0.090026,-0.09129476329469444
970,-0.094604,-0.091625686965225
971,-0.090026,-0.09146571826870249
972,-0.094604,-0.09177954644183225
973,-0.090026,-0.09160419179764903
974,-0.096893,-0.09213307261788413
975,-0.087738,-0.09169356535609571
976,-0.090026,-0.09152680882048614
977,-0.096893,-0.09206342793843753
978,-0.092315,-0.09208858514459378
979,-0.094604,-0.09234012663013441
980,-0.090026,-0.09210871396712098
981,-0.096893,-0.09258714257040888
982,-0.092315,-0.092559928313368
983,-0.094604,-0.0927643354820312
984,-0.090026,-0.09249050193382807
985,-0.094604,-0.09270185174044526
986,-0.087738,-0.09220546656640073
987,-0.094604,-0.09244531990976065
988,-0.092315,-0.09243228791878459
989,-0.092315,-0.09242055912690614
990,-0.090026,-0.09218110321421552
991,-0.094604,-0.09242339289279397
992,-0.087738,-0.09195485360351457
993,-0.099182,-0.09267756824316312
994,-0.096893,-0.0930991114188468
995,-0.094604,-0.09324960027696214
996,-0.094604,-0.09338504024926592
997,-0.092315,-0.09327803622433933
998,-0.092315,-0.0931817326019054
999,-0.092315,-0.09309505934171487
1000,-0.094604,-0.09324595340754338
1001,-0.090026,-0.09292395806678905
1002,-0.092315,-0.09286306226011015
1003,-0.092315,-0.09280825603409915
1004,-0.096893,-0.09321673043068923
1005,-0.090026,-0.0928976573876203
1006,-0.094604,-0.09306829164885827
1007,-0.090026,-0.09276406248397244
1008,-0.096893,-0.09317695623557519
1009,-0.090026,-0.09286186061201768
1010,-0.094604,-0.09303607455081592
1011,-0.092315,-0.09296396709573433
1012,-0.094604,-0.09312797038616091
1013,-0.094604,-0.09327557334754483
1014,-0.092315,-0.09317951601279036
1015,-0.094604,-0.09332196441151133
1016,-0.092315,-0.0932212679703602
1017,-0.092315,-0.09313064117332419
1018,-0.092315,-0.09304907705599177
1019,-0.096893,-0.0934334693503926
1020,-0.092315,-0.09332162241535334
1021,-0.096893,-0.093678760173818
1022,-0.090026,-0.0933134841564362
1023,-0.096893,-0.09367143574079258
1024,-0.090026,-0.09330689216671333
1025,-0.094604,-0.093436602950042
1026,-0.090026,-0.0930955426550378
1027,-0.096893,-0.09347528838953402
1028,-0.090026,-0.09313035955058062
1029,-0.094604,-0.09327772359552255
1030,-0.087738,-0.0927237512359703
1031,-0.092315,-0.09268287611237327
1032,-0.096893,-0.09310388850113595
1033,-0.092315,-0.09302499965102236
1034,-0.096893,-0.09341179968592012
1035,-0.096893,-0.09375991971732811
1036,-0.099182,-0.09430212774559531
1037,-0.100708,-0.09494271497103578
1038,-0.092315,-0.0946799434739322
1039,-0.100708,-0.09528274912653899
1040,-0.092315,-0.09498597421388509
1041,-0.102996,-0.09578697679249659
1042,-0.094604,-0.09566867911324695
1043,-0.100708,-0.09617261120192226
1044,-0.094604,-0.09601575008173005
1045,-0.102996,-0.09671377507355705
1046,-0.099182,-0.09696059756620135
1047,-0.096893,-0.09695383780958121
1048,-0.099182,-0.09717665402862309
1049,-0.099182,-0.09737718862576078
1050,-0.099182,-0.09755766976318471
1051,-0.094604,-0.09726230278686623
1052,-0.099182,-0.09745427250817962
1053,-0.099182,-0.09762704525736166
1054,-0.100708,-0.0979351407316255
1055,-0.094604,-0.09760202665846296
1056,-0.102996,-0.09814142399261667
1057,-0.094604,-0.09778768159335502
1058,-0.100708,-0.09807971343401953
1059,-0.096893,-0.09796104209061758
1060,-0.100708,-0.09823573788155583
1061,-0.094604,-0.09787256409340025
1062,-0.100708,-0.09815610768406023
1063,-0.094604,-0.09780089691565422
1064,-0.099182,-0.0979390072240888
1065,-0.099182,-0.09806330650167992
1066,-0.096893,-0.09794627585151193
1067,-0.100708,-0.09822244826636074
1068,-0.096893,-0.09808950343972467
1069,-0.100708,-0.09835135309575221
1070,-0.096893,-0.09820551778617699
1071,-0.099182,-0.0983031660075593
1072,-0.096893,-0.09816214940680337
1073,-0.099182,-0.09826413446612305
1074,-0.096893,-0.09812702101951074
1075,-0.102996,-0.09861391891755968
1076,-0.092315,-0.09798402702580371
1077,-0.102996,-0.09848522432322335
1078,-0.092315,-0.09786820189090102
1079,-0.102996,-0.09838098170181092
1080,-0.096893,-0.09823218353162982
1081,-0.102996,-0.09870856517846685
1082,-0.099182,-0.09875590866062017
1083,-0.099182,-0.09879851779455816
1084,-0.099182,-0.09883686601510235
1085,-0.096893,-0.09864247941359211
1086,-0.099182,-0.0986964314722329
1087,-0.096893,-0.09851608832500962
1088,-0.100708,-0.09873527949250867
1089,-0.099182,-0.0987799515432578
1090,-0.099182,-0.09882015638893203
1091,-0.094604,-0.09839854075003884
1092,-0.100708,-0.09862948667503496
1093,-0.094604,-0.09822693800753146
1094,-0.102996,-0.09870384420677833
1095,-0.094604,-0.0982938597861005
1096,-0.099182,-0.09838267380749045
1097,-0.096893,-0.09823370642674141
1098,-0.102996,-0.09870993578406728
1099,-0.096893,-0.09852824220566056
1100,-0.094604,-0.09813581798509452
1101,-0.100708,-0.09839303618658507
1102,-0.099182,-0.09847193256792657
1103,-0.100708,-0.09869553931113391
1104,-0.094604,-0.09828638538002052
1105,-0.099182,-0.09837594684201847
1106,-0.094604,-0.09799875215781664
1107,-0.099182,-0.09811707694203499
1108,-0.096893,-0.09799466924783148
1109,-0.100708,-0.09826600232304834
1110,-0.096893,-0.09812870209074351
1111,-0.102996,-0.09861543188166917
1112,-0.096893,-0.09844318869350226
1113,-0.102996,-0.09889846982415204
1114,-0.096893,-0.09869792284173684
1115,-0.100708,-0.09889893055756316
1116,-0.096893,-0.09869833750180684
1117,-0.102996,-0.09912810375162617
1118,-0.099182,-0.09913349337646356
1119,-0.096893,-0.0989094440388172
1120,-0.100708,-0.09908929963493548
1121,-0.096893,-0.09886966967144194
1122,-0.100708,-0.09905350270429775
1123,-0.096893,-0.09883745243386798
1124,-0.099182,-0.09887190719048118
1125,-0.107574,-0.09974211647143306
1126,-0.100708,-0.09983870482428976
1127,-0.107574,-0.10061223434186078
1128,-0.099182,-0.10046921090767472
1129,-0.107574,-0.10117968981690725
1130,-0.100708,-0.10113252083521654
1131,-0.107574,-0.10177666875169489
1132,-0.102996,-0.10189860187652541
1133,-0.102996,-0.10200834168887288
1134,-0.105285,-0.10233600751998559
1135,-0.102996,-0.10240200676798704
1136,-0.102996,-0.10246140609118834
1137,-0.102996,-0.10251486548206952
1138,-0.105285,-0.10279187893386256
1139,-0.100708,-0.10258349104047632
1140,-0.105285,-0.10285364193642868
1141,-0.100708,-0.10263907774278581
1142,-0.107574,-0.10313256996850724
1143,-0.100708,-0.10289011297165652
1144,-0.105285,-0.10312960167449087
1145,-0.100708,-0.1028874415070418
1146,-0.105285,-0.10312719735633762
1147,-0.100708,-0.10288527762070386
1148,-0.107574,-0.10335414985863348
1149,-0.100708,-0.10308953487277013
1150,-0.102996,-0.10308018138549313
1151,-0.105285,-0.10330066324694381
1152,-0.102996,-0.10327019692224944
1153,-0.105285,-0.1034716772300245
1154,-0.102996,-0.10342410950702205
1155,-0.107574,-0.10383909855631984
1156,-0.102996,-0.10375478870068787
1157,-0.102996,-0.10367890983061909
1158,-0.099182,-0.10322921884755719
1159,-0.107574,-0.10366369696280148
1160,-0.100708,-0.10336812726652134
1161,-0.107574,-0.10378871453986921
1162,-0.100708,-0.1034806430858823
1163,-0.107574,-0.10388997877729407
1164,-0.102996,-0.10380058089956468
1165,-0.107574,-0.1041779228096082
1166,-0.099182,-0.10367833052864739
1167,-0.105285,-0.10383899747578265
1168,-0.105285,-0.10398359772820438
1169,-0.102996,-0.10388483795538395
1170,-0.102996,-0.10379595415984556
1171,-0.102996,-0.10371595874386101
1172,-0.105285,-0.1038728628694749
1173,-0.102996,-0.10378517658252742
1174,-0.102996,-0.1037062589242747
1175,-0.102996,-0.10363523303184723
1176,-0.105285,-0.1038002097286625
1177,-0.100708,-0.10349098875579625
1178,-0.107574,-0.10389928988021663
1179,-0.100708,-0.10358016089219498
1180,-0.107574,-0.10397954480297548
1181,-0.100708,-0.10365239032267794
1182,-0.107574,-0.10404455129041014
1183,-0.099182,-0.10355829616136913
1184,-0.107574,-0.10395986654523222
1185,-0.100708,-0.103634679890709
1186,-0.102996,-0.10357081190163811
1187,-0.105285,-0.1037422307114743
1188,-0.102996,-0.10366760764032688
1189,-0.102996,-0.1036004468762942
1190,-0.102996,-0.10354000218866478
1191,-0.105285,-0.1037145019697983
1192,-0.102996,-0.10364265177281848
1193,-0.102996,-0.10357798659553664
1194,-0.102996,-0.10351978793598299
1195,-0.107574,-0.10392520914238469
1196,-0.100708,-0.10360348822814623
1197,-0.107574,-0.1040005394053316
1198,-0.107574,-0.10435788546479845
1199,-0.099182,-0.1038402969183186
1200,-0.107574,-0.10421366722648674
1201,-0.100708,-0.10386310050383807
1202,-0.107574,-0.10423419045345426
1203,-0.100708,-0.10388157140810884
1204,-0.102996,-0.10379301426729796
1205,-0.107574,-0.10417111284056817
1206,-0.102996,-0.10405360155651136
1207,-0.107574,-0.10440564140086023
1208,-0.102996,-0.10426467726077421
1209,-0.105285,-0.10436670953469679
1210,-0.100708,-0.10400083858122712
1211,-0.105285,-0.1041292547231044
1212,-0.100708,-0.10378712925079396
1213,-0.105285,-0.10393691632571456
1214,-0.102996,-0.10384282469314311
1215,-0.107574,-0.10421594222382881
1216,-0.100708,-0.10386514800144593
1217,-0.105285,-0.10400713320130134
1218,-0.102996,-0.10390601988117121
1219,-0.107574,-0.10427281789305409
1220,-0.100708,-0.10391633610374869
1221,-0.107574,-0.10428210249337382
1222,-0.105285,-0.10438239224403643
1223,-0.102996,-0.1042437530196328
1224,-0.102996,-0.10411897771766954
1225,-0.102996,-0.1040066799459026
1226,-0.105285,-0.10413451195131233
1227,-0.102996,-0.1040206607561811
1228,-0.107574,-0.104375994680563
1229,-0.100708,-0.1040091952125067
1230,-0.107574,-0.10436567569125604
1231,-0.102996,-0.10422870812213045
1232,-0.107574,-0.1045632373099174
1233,-0.100708,-0.10417771357892566
1234,-0.105285,-0.10428844222103309
1235,-0.099182,-0.10377779799892979
1236,-0.107574,-0.10415741819903682
1237,-0.100708,-0.10381247637913314
1238,-0.107574,-0.10418862874121983
1239,-0.102996,-0.10406936586709785
1240,-0.107574,-0.10441982928038807
1241,-0.105285,-0.10450634635234926
1242,-0.102996,-0.10435531171711435
1243,-0.102996,-0.10421938054540292
1244,-0.105285,-0.10432594249086262
1245,-0.102996,-0.10419294824177637
1246,-0.107574,-0.10453105341759873
1247,-0.102996,-0.10437754807583886
1248,-0.105285,-0.10446829326825498
1249,-0.100708,-0.10409226394142948
1250,-0.107574,-0.10444043754728653
1251,-0.102996,-0.10429599379255788
1252,-0.107574,-0.1046237944133021
1253,-0.102996,-0.1044610149719719
1254,-0.107574,-0.10477231347477471
1255,-0.100708,-0.10436588212729725
1256,-0.107574,-0.10468669391456753
1257,-0.102996,-0.10451762452311078
1258,-0.107574,-0.1048232620707997
1259,-0.105285,-0.10486943586371973
1260,-0.102996,-0.10468209227734776
1261,-0.107574,-0.10497128304961299
1262,-0.102996,-0.1047737547446517
1263,-0.107574,-0.10505377927018653
1264,-0.102996,-0.10484800134316788
1265,-0.107574,-0.1051206012088511
1266,-0.102996,-0.10490814108796599
1267,-0.102996,-0.1047169269791694
1268,-0.100708,-0.10431603428125247
1269,-0.105285,-0.10441293085312722
1270,-0.102996,-0.10427123776781451
1271,-0.107574,-0.10460151399103305
1272,-0.102996,-0.10444096259192975
1273,-0.107574,-0.10475426633273678
1274,-0.100708,-0.1043496396994631
1275,-0.105285,-0.1044431757295168
1276,-0.100708,-0.10406965815656512
1277,-0.102996,-0.10396229234090862
1278,-0.105285,-0.10409456310681775
1279,-0.102996,-0.10398470679613599
1280,-0.105285,-0.10411473611652239
1281,-0.100708,-0.10377406250487016
1282,-0.107574,-0.10415405625438315
1283,-0.102996,-0.10403825062894484
1284,-0.107574,-0.10439182556605035
1285,-0.102996,-0.10425224300944533
1286,-0.107574,-0.1045844187085008
1287,-0.102996,-0.10442557683765073
1288,-0.107574,-0.10474041915388566
1289,-0.102996,-0.1045659772384971
1290,-0.105285,-0.10463787951464738
1291,-0.100708,-0.10424489156318265
1292,-0.107574,-0.10457780240686439
1293,-0.102996,-0.10441962216617795
1294,-0.107574,-0.10473505994956016
1295,-0.107574,-0.10501895395460414
1296,-0.102996,-0.10481665855914374
1297,-0.107574,-0.10509239270322937
1298,-0.102996,-0.10488275343290644
1299,-0.107574,-0.1051518780896158
1300,-0.102996,-0.10493629028065424
1301,-0.107574,-0.10520006125258882
1302,-0.102996,-0.10497965512732994
1303,-0.107574,-0.10523908961459695
1304,-0.102996,-0.10501478065313727
1305,-0.107574,-0.10527070258782355
1306,-0.102996,-0.1050432323290412
1307,-0.107574,-0.10529630909613708
1308,-0.100708,-0.10483747818652338
1309,-0.107574,-0.10511113036787104
1310,-0.102996,-0.10489961733108394
1311,-0.107574,-0.10516705559797555
1312,-0.102996,-0.104949950038178
1313,-0.102996,-0.10475455503436021
1314,-0.107574,-0.10503649953092419
1315,-0.100708,-0.10460364957783178
1316,-0.107574,-0.1049006846200486
1317,-0.102996,-0.10471021615804375
1318,-0.107574,-0.10499659454223938
1319,-0.102996,-0.10479653508801545
1320,-0.107574,-0.1050742815792139
1321,-0.102996,-0.10486645342129253
1322,-0.107574,-0.10513720807916328
1323,-0.102996,-0.10492308727124697
1324,-0.107574,-0.10518817854412227
1325,-0.102996,-0.10496896068971005
1326,-0.105285,-0.10500056462073905
1327,-0.102996,-0.10480010815866515
1328,-0.107574,-0.10507749734279864
1329,-0.100708,-0.10464054760851879
1330,-0.105285,-0.1047049928476669
1331,-0.105285,-0.10476299356290021
1332,-0.102996,-0.1045862942066102
1333,-0.107574,-0.10488506478594918
1334,-0.102996,-0.10469615830735426
1335,-0.107574,-0.10498394247661884
1336,-0.102996,-0.10478514822895696
1337,-0.105285,-0.10483513340606126
1338,-0.102996,-0.10465122006545514
1339,-0.107574,-0.10494349805890964
1340,-0.100708,-0.10451994825301868
1341,-0.105285,-0.10459645342771681
1342,-0.107574,-0.10489420808494514
1343,-0.11444,-0.10584878727645063
1344,-0.109863,-0.10625020854880557
1345,-0.11444,-0.10706918769392501
1346,-0.109863,-0.10734856892453251
1347,-0.11444,-0.10805771203207926
1348,-0.107574,-0.10800934082887133
1349,-0.112152,-0.1084236067459842
1350,-0.107574,-0.10833864607138578
1351,-0.112152,-0.10871998146424722
1352,-0.109863,-0.10883428331782251
1353,-0.11444,-0.10939485498604025
1354,-0.109863,-0.10944166948743624
1355,-0.109863,-0.10948380253869262
1356,-0.11444,-0.10997942228482335
1357,-0.109863,-0.10996778005634103
1358,-0.11444,-0.11041500205070692
1359,-0.107574,-0.11013090184563623
1360,-0.11444,-0.11056181166107261
1361,-0.107574,-0.11026303049496534
1362,-0.11444,-0.11068072744546881
1363,-0.105285,-0.11014115470092192
1364,-0.112152,-0.11034223923082973
1365,-0.109863,-0.11029431530774676
1366,-0.11444,-0.11070888377697208
1367,-0.107574,-0.11039539539927487
1368,-0.11444,-0.11079985585934739
1369,-0.107574,-0.11047727027341266
1370,-0.112152,-0.1106447432460714
1371,-0.109863,-0.11056656892146427
1372,-0.107574,-0.11026731202931785
1373,-0.11444,-0.11068458082638606
1374,-0.109863,-0.11060242274374746
1375,-0.109863,-0.11052848046937272
1376,-0.109863,-0.11046193242243546
1377,-0.11444,-0.11085973918019192
1378,-0.105285,-0.11030226526217272
1379,-0.112152,-0.11048723873595545
1380,-0.109863,-0.11042481486235992
1381,-0.109863,-0.11036863337612393
1382,-0.109863,-0.11031807003851155
1383,-0.112152,-0.11050146303466041
1384,-0.105285,-0.10997981673119436
1385,-0.11444,-0.11042583505807492
1386,-0.107574,-0.11014065155226743
1387,-0.11444,-0.11057058639704069
1388,-0.107574,-0.11027092775733663
1389,-0.109863,-0.11023013498160297
1390,-0.11444,-0.11065112148344268
1391,-0.105285,-0.1101145093350984
1392,-0.112152,-0.11031825840158857
1393,-0.109863,-0.11027273256142972
1394,-0.109863,-0.11023175930528675
1395,-0.109863,-0.11019488337475808
1396,-0.11444,-0.11061939503728227
1397,-0.109863,-0.11054375553355406
1398,-0.11444,-0.11093337998019864
1399,-0.109863,-0.11082634198217879
1400,-0.11444,-0.1111877077839609
1401,-0.107574,-0.11082633700556482
1402,-0.112152,-0.11095890330500835
